{"Ale e Dário":{"sim":"https://www.casare.me/convites/2218070/acompanhantes","nao":"/ok"},"Ana Cristina":{"sim":"https://www.casare.me/convites/2218058/acompanhantes","nao":"/ok"},"Ana Meri":{"sim":"https://www.casare.me/convites/2218080/acompanhantes","nao":"/ok"},"Andreia e Gilberto":{"sim":"https://www.casare.me/convites/2218085/acompanhantes","nao":"/ok"},"Anne Fausto":{"sim":"https://www.casare.me/convites/2218071/acompanhantes","nao":"/ok"},"Beatriz Santos":{"sim":"https://www.casare.me/convites/2218059/acompanhantes","nao":"/ok"},"Beto e Marina":{"sim":"https://www.casare.me/convites/2218079/acompanhantes","nao":"/ok"},"Elizabete":{"sim":"https://www.casare.me/convites/2218074/acompanhantes","nao":"/ok"},"Emanuelle Andrade":{"sim":"https://www.casare.me/convites/2218075/acompanhantes","nao":"/ok"},"Helena Andrade":{"sim":"https://www.casare.me/convites/2218078/acompanhantes","nao":"/ok"},"Inaiara e Andre":{"sim":"https://www.casare.me/convites/2218082/acompanhantes","nao":"/ok"},"Ivan e Vanessa":{"sim":"https://www.casare.me/convites/2218077/acompanhantes","nao":"/ok"},"Jennifer e Lu":{"sim":"https://www.casare.me/convites/2218072/acompanhantes","nao":"/ok"},"Leandro  e Brenda":{"sim":"https://www.casare.me/convites/2218060/acompanhantes","nao":"/ok"},"Marcos Roberto Borges":{"sim":"https://www.casare.me/convites/2218064/acompanhantes","nao":"/ok"},"Maria":{"sim":"https://www.casare.me/convites/2218073/acompanhantes","nao":"/ok"},"Maria Eulina":{"sim":"https://www.casare.me/convites/2218066/acompanhantes","nao":"/ok"},"Meire e Josimar":{"sim":"https://www.casare.me/convites/2218087/acompanhantes","nao":"/ok"},"Michelle e Kamaray":{"sim":"https://www.casare.me/convites/2218063/acompanhantes","nao":"/ok"},"Moisés  e Tânia":{"sim":"https://www.casare.me/convites/2218062/acompanhantes","nao":"/ok"},"Neuma e Clemente":{"sim":"https://www.casare.me/convites/2218061/acompanhantes","nao":"/ok"},"Priscila":{"sim":"https://www.casare.me/convites/2218067/acompanhantes","nao":"/ok"},"Rafa e Gui":{"sim":"https://www.casare.me/convites/2218069/acompanhantes","nao":"/ok"},"Rosana Andrade":{"sim":"https://www.casare.me/convites/2218076/acompanhantes","nao":"/ok"},"Talita":{"sim":"https://www.casare.me/convites/2218083/acompanhantes","nao":"/ok"},"thiago souza":{"sim":"https://www.casare.me/convites/2218219/acompanhantes","nao":"/ok"},"Waldir e Leninha":{"sim":"https://www.casare.me/convites/2218065/acompanhantes","nao":"/ok"},"Wayra e Adilson":{"sim":"https://www.casare.me/convites/2218068/acompanhantes","nao":"/ok"}}